No.,Date,Account,Note,Amount
1,01-01-2021,8663,Opening Balance,12229.29
2,01-01-2021,1660,Opening Balance,1005.6
3,01-01-2021,7373,Opening Balance,563
4,04-01-2021,1660,-,-49
5,08-01-2021,1660,JEE ,-650
6,09-01-2021,1660,-,2000
7,19-01-2021,7373,MYSY,55000
8,19-01-2021,1660,-,-399
9,20-01-2021,7373,mummy,-1
10,21-01-2021,1660,unknown,-10
11,21-01-2021,7373,recharge,-49
12,22-01-2021,7373,cash,-25000
13,26-01-2021,1660,other recharge for vi,-49
14,28-01-2021,8663,LIC,6000
15,31-01-2021,1660,home(vi reacharge),-49
16,03-02-2021,7373,transfer to 0390,-5000
17,05-02-2021,8663,int ,121
18,06-02-2021,7373,"for cloths,bags etc.",-15000
19,13-02-2021,1660,7227018455,-49
20,15-02-2021,7373,manojbhai selvas ram ram,10000
21,15-02-2021,1660,paytm code check,10
22,17-02-2021,1660,by 7373 ,9000
23,17-02-2021,7373, to 1660 by paytm,-9000
24,17-02-2021,7373,to 0390 by paytm,-10000
25,18-02-2021,1660,9727653512,-49
26,20-02-2021,1660,neel soni,2701
27,20-02-2021,1660,Kamlesh sir ddit,-2500
28,20-02-2021,1660,neel soni,-2700
29,26-02-2021,1660,Kamlesh sir ddit,-5000
30,27-02-2021,1660,8469642157,-49
31,01-03-2021,1660,9979353925,-49
32,04-03-2021,1660,study,10000
33,12-03-2021,1660,fees,49000
34,12-03-2021,1660,fee,20100
35,12-03-2021,1660,fees(ddu),-78504.72
36,16-03-2021,1660,9925362942,-399
37,17-03-2021,1660,pocket,1000
38,17-03-2021,7373,pocket,-1000
39,18-03-2021,1660,for pocket,-2000
40,26-03-2021,1660,8469642157,-149
41,06-04-2021,1660,DDIT anrollment form,-250
42,09-04-2021,1660,7359759130,-49
43,16-04-2021,1660,pragneshbhai ram ram,3500
44,18-04-2021,1660,‚ö†Ô∏è,10
45,19-04-2021,1660,7359759130,-49
46,20-04-2021,1660,9409434932,-10
47,21-04-2021,1660,four and two wheelerLicense ,-3200
48,22-04-2021,1660,8469642157,-49
49,26-04-2021,1660,light bill,-262
50,26-04-2021,1660,,-1643
51,01-05-2021,8663,int,156
52,02-05-2021,1660,from mummy,400
53,15-05-2021,7373,‚ö†Ô∏è,65
54,15-05-2021,7373,9099467525,-399
55,20-05-2021,1660,any,4000
56,29-05-2021,1660,Subhash sir,-2000
57,31-05-2021,1660,7359759130,-50
58,08-06-2021,1660,Me(bsnl),-10
59,10-06-2021,1660,bill,-980
60,16-06-2021,1660,9979353925,-49
61,25-06-2021,1660,int,14
62,28-06-2021,1660,8469642157,-399
63,01-07-2021,1660,nadiad,-488
64,06-07-2021,1660,9925362942,-399
65,07-07-2021,1660,7359759130,-49
66,13-07-2021,7373,9499606572,-49
67,17-07-2021,7373,Raksha,-48
68,19-07-2021,1660,by 0390(sbi)paytm,500
69,22-07-2021,1660,DDU,-50
70,23-07-2021,1660,-,2000
71,24-07-2021,1660,raksa,-48
72,24-07-2021,1660,train üöÜ tickets,-261
73,26-07-2021,1660,LIC-862092548,-517
74,26-07-2021,1660,LIC-862092547,-1073
75,27-07-2021,1660,7227018455,-79
76,28-07-2021,1660,add,1500
77,30-07-2021,1660,"APPC-kirtan257
(Kirtan@123)",-300
78,30-07-2021,1660,ACPC-KRISHAPATEL (Krisha@789),-300
79,31-07-2021,1660,ACPC- isha  ( ishap7516  -> Isha@123),-300
80,02-08-2021,8663,int,140
81,04-08-2021,1660,Acpc- parth_v,-300
82,05-08-2021,7373,‚ö†Ô∏è,2
83,19-08-2021,7373,-,500
84,19-08-2021,8663,PPF deposit,-500
85,25-08-2021,1660,Raksa,-48
86,26-08-2021,1660,8469642157,-359
87,31-08-2021,7373,9925362942,-409
88,03-09-2021,1660,kantubapa,-149
89,13-09-2021,8663,sem1+sem2,136150
90,13-09-2021,8663,sem 3,68075
91,13-09-2021,8663,sem 3,-78500
92,16-09-2021,1660,9409434932,-10
93,16-09-2021,8663,mummy (kirtan+dairy(jayeshbhai)),-50000
94,23-09-2021,1660,bank,-147.5
95,25-09-2021,1660,int,5
96,05-10-2021,7373,9979353925,-149
97,08-10-2021,8663,int123,-1402
98,11-10-2021,8663,Mummy (gave to bipinkaka),-45000
99,12-10-2021,8663,Mummy (gave to tinufui),-30000
100,18-10-2021,1660,from 0390 Gpay,2500
101,18-10-2021,1660,light bill,-620
102,18-10-2021,1660,,-1654
103,19-10-2021,8663,ATM test,-1000
104,21-10-2021,8663,8469642157,-409
105,25-10-2021,1660,7227018455,-79
106,26-10-2021,8663,9925362942,-409
107,27-10-2021,8663,kirtan fees,1000
108,27-10-2021,8663,-,-15000
109,28-10-2021,7373,MYSY,50000
110,28-10-2021,8663,from 7373(BOB),10000
111,28-10-2021,1660,from 8663 ELOAN,1000
112,28-10-2021,8663,to SBI(1660),-1000
113,28-10-2021,7373,to 8663(ELOAN),-10000
114,29-10-2021,7373,to 0390,-5000
115,29-10-2021,7373,to acc 16678(mummy),-10000
116,29-10-2021,7373,withdraw by ATM,-20000
117,08-11-2021,1660,hemant (ADIT),115
118,10-11-2021,8663,-,321
119,10-11-2021,7373,‚ö†Ô∏è,5
120,10-11-2021,1660,IT return(sunta mali),-600
121,10-11-2021,8663,int123,-1656
122,13-11-2021,1660,Train üöâ Ticket (keval),-126.8
123,16-11-2021,8663,ATMCARD,-295
124,18-11-2021,1660,-,76000
125,18-11-2021,1660,train ticket,-211.8
126,19-11-2021,1660,refund from IRCTC,135
127,19-11-2021,1660,samarth sakhi mandal (jigo bhai loan),-35000
128,19-11-2021,1660,to 0390,-35000
129,24-11-2021,1660,cmss(done by mistake),10000
130,25-11-2021,1660,cmss(refunded),-10000
131,28-11-2021,1660,-,-5500
132,29-11-2021,1660,Train üöâ Ticket ,-211.8
133,30-11-2021,1660,9409434932,-20
134,07-12-2021,1660,9409434932,-98
135,10-12-2021,8663,int123,-1603
136,15-12-2021,1660,from STV ,7600
137,17-12-2021,1660,Sanjay uncle nadiad,1000
138,17-12-2021,1660,cashback,6
139,17-12-2021,1660,dinner,-40
140,17-12-2021,1660,8469642157,-459
141,21-12-2021,1660,9925362942,-439
142,27-12-2021,1660,cashback,22
143,27-12-2021,8663,SMS charge,-17.7
144,27-12-2021,1660,dinner,-40
145,27-12-2021,1660,gold loan int,-8000
146,28-12-2021,1660,dinner,-40
147,29-12-2021,1660,from 0390 PayTm,2000
148,29-12-2021,1660,cashback,6
149,29-12-2021,1660,dinner,-40
150,29-12-2021,1660,9409434932,-98
151,29-12-2021,7373,rent (devprem socity),-3000
152,01-01-2022,1660,dinner,-40
153,02-01-2022,1660,94094 34932,-20
154,05-01-2022,1660,RAJAN,139
155,05-01-2022,1660,Refund,135
156,05-01-2022,1660,Train üöâ  Ticket,-101.8
157,05-01-2022,1660,Train üöâ  Ticket,-326.8
158,05-01-2022,1660,Train üöâ  Ticket,-326.8
159,05-01-2022,1660,Train üöâ  Ticket,-411.8
160,07-01-2022,7373,to pocket,-1500
161,10-01-2022,8663,int123,-1656
162,12-01-2022,1660,Train üöâ  Ticket,-211.8
163,18-01-2022,1660,dinner,-60
164,04-02-2022,1660,dinner,-40
165,05-02-2022,1660,dinner,-40
166,07-02-2022,8663,INT,60
167,09-02-2022,1660,courier page,-2
168,09-02-2022,1660,7227018455,-99
169,10-02-2022,8663,cash,15000
170,10-02-2022,8663,int123,-1656
171,11-02-2022,1660,9409434932,-98
172,13-02-2022,8663,kirtan,-5000
173,15-02-2022,8663,sem4,68075
174,15-02-2022,8663,-,-247
175,15-02-2022,8663,-,-2000
176,15-02-2022,8663,sem-4 fees DDU,-78500
177,17-02-2022,8663,dinner,-40
178,05-03-2022,8663,from 1660,3000
179,06-03-2022,8663,9979353925,-198
180,10-03-2022,8663,int4,-1871
181,14-03-2022,8663,SMS charge,-17.7
182,25-03-2022,1660,INT,8
183,31-03-2022,7373,‚ö†Ô∏è,24
184,03-04-2022,7373,for rent from(0390),5100
185,03-04-2022,7373,Rajan sends me,5000
186,03-04-2022,7373,gave to Rajan,-5000
187,03-04-2022,7373, to pocket,-5500
188,08-04-2022,8663,-,21
189,08-04-2022,8663,int4,-2162
190,12-04-2022,7373,Rajan sends me,1000
191,12-04-2022,7373,to pcket + to gave Rajan,-1000
192,02-05-2022,8663,from 0390,3010
193,10-05-2022,8663,int4,-2095
194,15-05-2022,8663,Null class internships,-497
195,26-05-2022,8663,from prasant bhai,1500
196,07-06-2022,8663,from 0390,500
197,10-06-2022,7373,‚ö†Ô∏è,3
198,10-06-2022,8663,int4,-2261
199,23-06-2022,8663,SMS charge,-17.7
200,25-06-2022,1660,INT,6
201,28-06-2022,8663,Ritesh mama vav,3000
202,04-07-2022,7373, from 0390,600
203,08-07-2022,8663,int4,-2188
204,09-07-2022,7373,from 0390,10000
205,09-07-2022,7373,to pocket ,-10000
206,11-07-2022,7373,ITR ,-600
207,13-07-2022,7373,from 0390,1000
208,16-07-2022,8663,Ritesh mama vav,3000
209,19-07-2022,8663,mummy deposited,48000
210,20-07-2022,8663,SAMARTH SAKHI MANDAL ,-35000
211,23-07-2022,7373,Rajan - dinner,210
212,26-07-2022,8663,sem5,68075
213,26-07-2022,7373,9409434932,-399
214,26-07-2022,8663,sem5,-78500
215,01-08-2022,8663,int,28
216,01-08-2022,7373,to 0390,-500
217,01-08-2022,8663,to 0390,-4000
218,02-08-2022,7373,9979353925,-98
219,05-08-2022,8663,Anjali ŒîŒô ,1400
220,06-08-2022,8663,-,300
221,06-08-2022,7373,‚ö†Ô∏è,3
222,06-08-2022,7373,to 8663,-300
223,06-08-2022,8663,dinner,-435
224,06-08-2022,8663,kirtan,-1400
225,10-08-2022,8663,Riteshmama vav,3000
226,10-08-2022,8663,from 0390,500
227,10-08-2022,8663,int5,-34.81
228,10-08-2022,8663,int5,-2628.19
229,13-08-2022,7373,from 0390,1000
230,14-08-2022,1660,to pocket ,-500
231,27-08-2022,7373,Bluetooth headphones advanced ,-30
232,27-08-2022,7373,Dinner ,-410
233,29-08-2022,7373,8469642157,-459
234,31-08-2022,7373,jittam chocolate ,45
235,31-08-2022,8663,Dmart,-799.2
236,02-09-2022,7373,internship null class,7000
237,03-09-2022,8663,from 0390,1000
238,03-09-2022,8663,dinner,-430
239,04-09-2022,7373,jittam aloo parotha,40
240,08-09-2022,8663,Anjali ŒîŒô ,700
241,09-09-2022,8663,cashback,6
242,09-09-2022,8663,dinner,-210
243,09-09-2022,8663,int5,-3095
244,12-09-2022,8663,Ritesh mama vav,3000
245,13-09-2022,1660,ATM,-147.5
246,13-09-2022,8663,9979353925,-395
247,14-09-2022,7373,-,-40
248,16-09-2022,8663,bipin kaka nandarkha,3000
249,16-09-2022,8663,dinner,-210
250,16-09-2022,8663,ATM ,-236
251,16-09-2022,8663,kirtan,-1000
252,18-09-2022,7373,-,50
253,19-09-2022,8663,SMS charge,-17.7
254,20-09-2022,8663,kirtan ,-500
255,23-09-2022,8663,dinner,-350
256,24-09-2022,7373,-,110
257,27-09-2022,7373,train ticket,-231.8
258,29-09-2022,8663,cashback,6
259,29-09-2022,8663,dinner,-70
260,29-09-2022,8663,kirtan,-400
261,01-10-2022,8663,train tickets ,-231.8
262,01-10-2022,8663,-,-630
263,02-10-2022,8663,train tickets ,-251.8
264,03-10-2022,8663,preet,200
265,03-10-2022,8663,train üöÜ ticket ,-371.8
266,05-10-2022,8663,kirtan,200
267,08-10-2022,8663,-,3000
268,10-10-2022,8663,-,3000
269,10-10-2022,8663,kirtan ,-300
270,11-10-2022,8663,light bill,-337
271,11-10-2022,8663,light bill,-1171
272,11-10-2022,8663,int5,-3000
273,12-10-2022,7373,-,110
274,12-10-2022,7373,kirtan,-150
275,12-10-2022,8663,Rajan balance,-479
276,14-10-2022,8663,mouse ,-383
277,19-10-2022,7373,int,4.73
278,22-10-2022,8663,debit card ,-354
279,24-10-2022,8663,from 4027,40000
280,24-10-2022,8663,Bipin kaka nandarkha,-40000
281,25-10-2022,8663,from 4027,7000
282,27-10-2022,8663,9925362942,-239
283,28-10-2022,8663,from 0390,5000
284,28-10-2022,8663,Bipin kaka nandarkha,-10000
285,29-10-2022,1660,-,4
286,31-10-2022,8663,-,6
287,31-10-2022,7373,8469642157,-58
288,31-10-2022,8663,train tickets ,-241.8
289,01-11-2022,8663,int,30
290,01-11-2022,8663,-,-100
291,02-11-2022,8663,train tickets ,-356.8
292,03-11-2022,7373,,34
293,08-11-2022,8663,-,-98
294,10-11-2022,8663,int5,-3247
295,11-11-2022,8663,-,4000
296,11-11-2022,7373,riteshmama ,3000
297,11-11-2022,7373,jayeshbhai naranpor ,1200
298,11-11-2022,7373,Mitesh aswin chaudhari ,900
299,11-11-2022,7373,chandrakant bhai ram Ram,591
300,11-11-2022,7373,to 8663,-4000
301,12-11-2022,8663,kirtan,-1000
302,13-11-2022,7373,jittam,210
303,14-11-2022,7373,jittam,65
304,17-11-2022,8663,nikunj ,300
305,19-11-2022,8663,jittam ,10
306,19-11-2022,7373,jittam ,-132
307,19-11-2022,8663,to pocket,-500
308,20-11-2022,7373,jewelry ,-200
309,21-11-2022,7373,jittam,-17
310,21-11-2022,8663,-,-459
311,22-11-2022,7373,to 8663,-1500
312,23-11-2022,8663,from 7373,1500
313,23-11-2022,8663,7227018455,-99
314,23-11-2022,8663,9979353925,-395
315,24-11-2022,8663,cake,-200
316,24-11-2022,8663,9925362942,-479
317,26-11-2022,8663,Urvashi di,3501
318,26-11-2022,8663,jittam ,2000
319,26-11-2022,8663,Rajan,1000
320,26-11-2022,8663,Rajan +Lunch ,-1025
321,26-11-2022,8663,jittam,-7000
322,27-11-2022,8663,jittam,10
323,27-11-2022,8663,pocket via rajan,-500
324,29-11-2022,8663,Jayesh bhai,5000
325,29-11-2022,8663,bipin kaka nandarkha ,3500
326,29-11-2022,8663,urvashi di ,-3500
327,01-12-2022,7373,,-1
328,01-12-2022,8663,rasmitabhabhi,-999
329,04-12-2022,8663,kirtan,-500
330,06-12-2022,1660,Chandrakant bhai ram ram,16500
331,06-12-2022,8663,9409434932,-10
332,06-12-2022,7373,9409434932,-107
333,07-12-2022,7373,-,1000
334,07-12-2022,8663,Laptop service,-150
335,07-12-2022,7373,to pocket via harshil parmar,-1000
336,07-12-2022,1660,-,-1000
337,08-12-2022,8663,garasiya nikunj,600
338,08-12-2022,8663,Jittam,70
339,08-12-2022,8663,9409434932,-98
340,09-12-2022,8663,int5,-3146
341,09-12-2022,1660,for üß±  brick ,-10001
342,11-12-2022,8663,bipin kaka nandarkha ,3000
343,11-12-2022,1660,hiteshbhai ram ram,-1000
344,12-12-2022,1660,train üöÇ ticket ,-126.8
345,14-12-2022,8663,kirtan,10000
346,14-12-2022,8663,,-286
347,14-12-2022,8663,electricity√∞≈∏‚Äô¬°bill ,-1262
348,17-12-2022,8663,chandrakant patel,1200
349,17-12-2022,8663,kirtan,-700
350,21-12-2022,8663,kaushik mama(chanchal masi),25000
351,21-12-2022,8663,SMS charge,-17.7
352,22-12-2022,8663,kirtan ,-22000
353,25-12-2022,8663,jimy Ben ram ram ,1500
354,25-12-2022,7373,from 1660,1000
355,25-12-2022,8663,nikunj garasiya,600
356,25-12-2022,1660,-,10
357,25-12-2022,8663,jittam,-208
358,25-12-2022,1660,-,-239
359,25-12-2022,8663,8469705418,-239
360,25-12-2022,1660,to pocket via rajan ,-500
361,25-12-2022,1660,to 7373,-1000
362,26-12-2022,8663,Bhanu Tighara ,-15000
363,27-12-2022,8663,Jarvis bhai,100000
364,27-12-2022,7373,mysy,50000
365,27-12-2022,7373,kirti di train tickets,-131.8
366,27-12-2022,7373,,-146.8
367,27-12-2022,8663,02430100012361 - mummy,-30000
368,27-12-2022,8663,93440100001166 - mummy ,-40000
369,28-12-2022,7373,mummy,-30000
370,29-12-2022,8663,bipinkaka nandarkha ,3500
371,29-12-2022,8663,bhavu Tighara ,-25000
372,31-12-2022,7373,9409434932,-395
373,04-01-2023,7373,-,-500
374,05-01-2023,8663,Chandrakant bhai ram ram ,-3500
375,06-01-2023,8663,gold loan,115000
376,06-01-2023,8663,Chandrakant bhai ram ram,3500
377,06-01-2023,1660,mall,-123
378,06-01-2023,8663,check,-115000
379,07-01-2023,8663,-,500
380,07-01-2023,7373,-,-10000
381,08-01-2023,1660,passport ,-500
382,09-01-2023,1660,food,-20
383,09-01-2023,1660,tickets,-431.8
384,10-01-2023,8663,kirtan ,11000
385,10-01-2023,8663,from 7373,8000
386,10-01-2023,8663,bipin kaka nandarkha,3000
387,10-01-2023,8663,Ritesh mama vav,3000
388,10-01-2023,8663,jittam,20
389,10-01-2023,8663,to jittam,-30
390,10-01-2023,7373,to mummy via rasmitabhabhi ,-1000
391,10-01-2023,8663,int5,-3354
392,10-01-2023,7373,to 8663,-8000
393,10-01-2023,8663,to mummy via rasmitabhabhi ,-19000
394,11-01-2023,8663,mummy sent via rasmitabhabhi ,4001
395,11-01-2023,1660,pocket via jittam,-220
396,12-01-2023,8663,mummy sent via rasmitabhabhi ,1000
397,13-01-2023,8663,sem6,68075
398,13-01-2023,8663,withdraw,-1000
399,13-01-2023,8663,sem6,-78500
400,16-01-2023,8663,From 4027,60000
401,16-01-2023,1660,94094 34932,-10
402,16-01-2023,8663,kirtan,-13000
403,17-01-2023,8663,Kirtan,214
404,19-01-2023,8663,9925362942,-479
405,20-01-2023,8663,1166 Mummy ,-20000
406,21-01-2023,1660,kirtan exam fees,-250
407,22-01-2023,8663,940298 69195,-399
408,22-01-2023,1660,97148 26150,-479
409,23-01-2023,7373,jittam,30
410,23-01-2023,1660,kirtan exam fees,-300
411,23-01-2023,8663,kirtan exam fee,-850
412,24-01-2023,8663,gaurav ,20
413,26-01-2023,8663,,-517
414,26-01-2023,8663,lic,-1073
415,26-01-2023,8663,mummy,-22000
416,27-01-2023,8663,bipin kaka nandarkha ,3500
417,27-01-2023,8663,IRCTC ,-326.8
418,02-02-2023,7373,manoj Bhai selvas,5001
419,02-02-2023,8663,int,45
420,03-02-2023,8663,-,6
421,03-02-2023,8663,IRCTC,-326.8
422,04-02-2023,8663,kirtan ,416
423,04-02-2023,7373,‚ö†Ô∏è,74
424,04-02-2023,7373,bsnl 9408522139,-105
425,05-02-2023,7373,‚ö†Ô∏è,6
426,05-02-2023,7373,dinner of 4 feb,-90
427,05-02-2023,7373,mummy ,-5000
428,07-02-2023,7373,Patel Bhavu Tighara,1200
429,07-02-2023,1660,cantine,-20
430,08-02-2023,8663,-,11000
431,08-02-2023,1660,from 8663,500
432,08-02-2023,1660,cantine,-30
433,08-02-2023,8663,GTU,-250
434,08-02-2023,8663,to 1660,-500
435,10-02-2023,7373,kirtan ,50000
436,10-02-2023,8663,from 7373,50000
437,10-02-2023,8663,int6,-3928
438,10-02-2023,8663,bricks,-20000
439,10-02-2023,7373,dhruv,-50000
440,11-02-2023,8663,-,25000
441,11-02-2023,8663,patel bhavu,-50000
442,12-02-2023,8663,bipinkaka nandarkha ,3000
443,12-02-2023,8663,to pocket via jittam,-1020
444,13-02-2023,8663,canteen,-35
445,13-02-2023,8663,7621976204,-239
446,14-02-2023,8663,electicity √†¬™¬¨√†¬™¬ø√†¬™¬≤,-305
447,14-02-2023,8663,,-1400
448,14-02-2023,8663,IELTS,-12750
449,15-02-2023,8663,dmart,-204.5
450,16-02-2023,8663,kirtan,-298
451,16-02-2023,8663,bsnl,-395
452,16-02-2023,8663,kirtan,-1000
453,17-02-2023,8663,refund from bsnl,395
454,17-02-2023,8663,jittam,25
455,17-02-2023,1660,tickets for kirti di,-131.8
456,17-02-2023,8663,IRCTC ,-251.8
457,20-02-2023,8663,ritesh mama vav,3000
458,20-02-2023,8663,policy bazar ,-2471
459,21-02-2023,1660,train tickets,-116.8
460,23-02-2023,1660,cantine,-20
461,25-02-2023,8663,bipinkaka nandarkha ,3500
462,25-02-2023,8663,IRCTC ,-356.8
463,28-02-2023,1660,from 7373,1000
464,28-02-2023,7373,‚ö†Ô∏è,20
465,28-02-2023,1660,cash withdraw,-500
466,28-02-2023,7373,to 1660,-1000
467,01-03-2023,7373,cash,-500
468,02-03-2023,8663,dhruvi,-1000
469,03-03-2023,1660,IRCTC refund,60
470,03-03-2023,8663,IRCTC refund,60
471,04-03-2023,7373,Refunf Earburd,679
472,04-03-2023,7373,mummy,-4000
473,06-03-2023,7373,mummy,-3000
474,08-03-2023,7373,Patel Bhavu Tighara,32700
475,08-03-2023,7373,kirtan fees clg,-31000
476,10-03-2023,8663,int6,-3607
477,11-03-2023,7373,bipinkaka nandarkha ,3000
478,11-03-2023,7373,kirti di,170
479,12-03-2023,7373,ritesh mama vav,3000
480,12-03-2023,7373,jittam,30
481,12-03-2023,7373,9409434932,-43
482,12-03-2023,7373,7227018455,-239
483,13-03-2023,7373,jittam,15
484,13-03-2023,7373,BSNL ,-19
485,13-03-2023,7373,food,-40
486,13-03-2023,7373,9409434932,-94
488,14-03-2023,7373,BSNL refund,19
489,14-03-2023,1660,jittam,-50
490,15-03-2023,7373,food,-60
491,16-03-2023,7373,jittam,40
492,16-03-2023,7373,jittam,15
493,16-03-2023,7373,food,-15
494,16-03-2023,7373,food,-15
495,16-03-2023,7373,food,-40
496,16-03-2023,1660,Mummy PANCARD,-106.9
497,16-03-2023,7373,Hriom Polic PANCARD,-1000
498,18-03-2023,1660,CMSS,76000
499,18-03-2023,8663,SMS charge,-0.94
500,18-03-2023,1660,Hriom Polic PANCARD,-106.9
501,19-03-2023,1660,to 7373,-20000
502,20-03-2023,7373,from 1660,20000
503,20-03-2023,7373,food,-35
504,20-03-2023,7373,dinner,-80
505,20-03-2023,7373,SAMARTH SAKHI MANDAL,-10000
506,20-03-2023,7373,GAYTRI SAKHI MANDAL,-10000
507,21-03-2023,7373,dinner,-80
508,21-03-2023,7373,kirtan,-1000
509,22-03-2023,7373,food,-30
510,23-03-2023,7373,food,-50
511,23-03-2023,7373,dinner,-70
512,23-03-2023,7373,kirtan ,-200
513,24-03-2023,7373,jittam,55
514,24-03-2023,7373,food,-45
515,24-03-2023,7373,dinner,-80
516,24-03-2023,7373,food,-80
517,25-03-2023,1660,int,66
518,25-03-2023,7373,food,-35
519,25-03-2023,7373,dinner ,-70
520,25-03-2023,7373,to Rajan ,-380
521,26-03-2023,7373,bipin kaka nandarkha ,3500
522,27-03-2023,7373,train ticket,-126.8
523,27-03-2023,7373,ramesh marvadi,-300
524,30-03-2023,7373,‚ö†Ô∏è,6
525,30-03-2023,7373,bachubapa ,-99
526,30-03-2023,7373,mummy ,-200
527,31-03-2023,7373,kalpesh Patel,6300
528,31-03-2023,1660,pancard,-106.9
529,01-04-2023,7373,train üöÇ,-356.8
530,01-04-2023,7373,kirtan ,-2000
531,03-04-2023,1660,Payoneer,6.03
532,03-04-2023,1660,Payoneer,4.41
533,03-04-2023,7373,DMART,-120
534,04-04-2023,1660,paypal,1.18
535,04-04-2023,1660,paypal,1.11
536,04-04-2023,7373,Pintu mobile,-10000
537,05-04-2023,7373,8469642157,-58
538,08-04-2023,7373,CANTINE,-140
539,09-04-2023,7373,DINNER,-100
540,10-04-2023,7373,7227018455,-239
541,10-04-2023,8663,int6,-4081
542,11-04-2023,7373,RAJAN SENT,500
543,11-04-2023,7373,Withdraw (500 for rajan),-1500
544,11-04-2023,1660,bricks,-20000
545,12-04-2023,7373,-,3000
546,12-04-2023,7373,Paypal,2.17
547,12-04-2023,7373,Electricity bill,-310
548,12-04-2023,7373,,-1472
549,13-04-2023,8663,SMS charge,-0.47
550,13-04-2023,7373,AWS account,-2
551,13-04-2023,7373,,-10
552,13-04-2023,7373,9409434932_,-94
553,13-04-2023,7373,BSNL Recharge 9499779068,-139
554,13-04-2023,7373,Mummy 9925362942,-479
555,14-04-2023,7373,ritesh mama vav,3000
556,14-04-2023,7373,from 1660,1550
557,14-04-2023,7373,,1000
558,14-04-2023,7373,2 Rs Aws Returned,2
559,14-04-2023,7373,Smart Watch,-1547.61
560,14-04-2023,1660,to 7373,-1550
561,15-04-2023,7373,for jittam,-165
562,17-04-2023,7373,from jittam,388
563,17-04-2023,7373,to pocket,-500
564,17-04-2023,1660,mummy withdrawed,-20000
565,18-04-2023,7373,9484425889,-153
566,19-04-2023,7373,from rajan,1025
567,19-04-2023,7373,500 to pocket and 1000 to rajan,-1500
568,20-04-2023,7373,food,-135
569,23-04-2023,8663,to 7373,-3500
570,24-04-2023,7373,from 8663,3500
571,24-04-2023,7373,plumbing,-7000
572,25-04-2023,7373,cantine,-50
573,27-04-2023,7373,meet (jittam's roommate),10
574,27-04-2023,7373,,10
575,27-04-2023,7373,‚ö†Ô∏ècashback,5
576,27-04-2023,7373,cantine,-20
577,27-04-2023,1660,meet (jittam's roommate),-20
578,28-04-2023,7373,from 1660,1000
579,28-04-2023,7373,‚ö†Ô∏ècashback,5
580,28-04-2023,1660,cantine,-30
581,28-04-2023,7373,withdraw,-1000
582,28-04-2023,1660,to 7373,-1000
583,29-04-2023,7373,‚ö†Ô∏ècashback,5
584,29-04-2023,7373,‚ö†Ô∏ècashback,5
585,29-04-2023,7373,‚ö†Ô∏ècashback,5
586,29-04-2023,7373,‚ö†Ô∏ècashback,5
587,29-04-2023,1660,jittam,-20
588,29-04-2023,1660,kirtan,-20
589,29-04-2023,1660,petrol,-102
590,29-04-2023,1660,arvind dairy,-500
591,29-04-2023,1660,grocery,-750
592,02-05-2023,7373,from bhavu tighra,98600
593,02-05-2023,7373,from 1660,9000
594,02-05-2023,8663,from 1660,3500
595,02-05-2023,8663,-,71
596,02-05-2023,1660,to 8663,-3500
597,02-05-2023,1660,to 7373,-9000
598,02-05-2023,7373,to 2361 (mummy),-98600
599,03-05-2023,7373,Bipin kaka,3500
600,03-05-2023,1660,-,200
601,03-05-2023,7373,int,43
602,03-05-2023,7373,‚ö†Ô∏ècashback,6
603,03-05-2023,7373,car insurance üöó,-3952
604,03-05-2023,7373,-,-5200
605,04-05-2023,7373,Linux jobber company (USA) $,26851.82
606,04-05-2023,7373,Ritesh mama vav,4000
607,05-05-2023,7373, to mummy ,-32000
608,06-05-2023,7373,8469642157 recharge ,-459
609,09-05-2023,7373,form for hariom sing,-300
610,09-05-2023,7373,kirti di ticket ,-326.8
611,10-05-2023,8663,SMS charge,-0.24
612,10-05-2023,7373,9409434932_,-98
613,10-05-2023,8663,int6,-3949
614,12-05-2023,1660,from 7373,500
615,12-05-2023,1660,Amazon ,-419
616,12-05-2023,7373, to 1660,-500
617,13-05-2023,7373,kirtan,-200
618,14-05-2023,7373,mummy via rasmitabhabhi,1400
619,14-05-2023,7373,kirtan,-400
620,15-05-2023,8663,mummy ,10000
621,15-05-2023,7373,bipin kaka,3000
622,15-05-2023,8663,kirtan ,-1000
623,18-05-2023,7373,kartik bhai ( refund of Amazon),409
624,18-05-2023,7373,me 9409434932,-10
625,18-05-2023,7373,kirtan,-2000
626,19-05-2023,7373,9979353925,-98
627,20-05-2023,7373,withdraw ,-500
628,21-05-2023,7373,food,-35
629,22-05-2023,7373,food,-15
630,22-05-2023,7373,food,-20
631,22-05-2023,7373,light rope,-290
632,23-05-2023,7373,withdraw ,-500
633,24-05-2023,7373,food,-15
634,24-05-2023,7373,food,-20
635,25-05-2023,8663,mummy ,31500
636,25-05-2023,7373,bipin kaka nandarkha,3500
637,25-05-2023,7373,dhansukh kaka ( gave via cash),-500
638,26-05-2023,7373,chikhli hotel,-130
639,26-05-2023,8663,-,-1000
640,26-05-2023,8663,-,-8000
641,27-05-2023,7373,‚ö†Ô∏ècashback,6
642,30-05-2023,7373,sunny recharge ,-100
643,01-06-2023,7373,9409434932_,-98
644,02-06-2023,7373,Linux jobber company (USA) $,18101.56
645,02-06-2023,7373,kartik bhai ( refund of Amazon),787
646,02-06-2023,7373,to kartik bhai (he paid 10 extra so returned),-10
647,03-06-2023,7373,bipin kaka nandarkha ,3600
648,03-06-2023,7373,mummy ,-18000
649,04-06-2023,7373,Jayesh bhai naranpor,1800
650,05-06-2023,7373,sunny tata sky recharge ,-100
651,08-06-2023,7373,dhansyam IELTS (he gave cash),-239
652,08-06-2023,7373,mummy recharge ,-479
653,09-06-2023,8663,-,0.24
654,09-06-2023,8663,int6,-4081
655,10-06-2023,7373,‚ö†Ô∏ècashback,6
656,10-06-2023,7373,,-10
657,10-06-2023,7373,kirtan recharge ,-98
658,11-06-2023,7373,bipin kaka nandarkha ,6500
659,11-06-2023,7373,dhruvi,-1000
660,12-06-2023,7373,from mummy ,200
661,12-06-2023,7373,mummy gpay,200
662,12-06-2023,7373,‚ö†Ô∏ècashback,6
663,12-06-2023,7373,9409434932 me,-10
664,12-06-2023,7373,to mummy ,-200
665,12-06-2023,7373,mummy,-200
666,12-06-2023,7373,,-587
667,12-06-2023,7373,electricity Bill ,-1623
668,14-06-2023,7373,-,14300
669,15-06-2023,7373,bricks(home),-7000
670,15-06-2023,8663,to mummy,-21000
671,16-06-2023,8663,from 7373,20000
672,16-06-2023,7373,to 8663,-20000
673,17-06-2023,7373,Ritesh mama vav,2000
674,21-06-2023,7373,,-10
675,21-06-2023,7373,food,-20
676,22-06-2023,7373,for niki bcom form,-200
677,22-06-2023,8663,gold loan,-14187
678,24-06-2023,7373,kartik bhai ( refund of Amazon),689
679,25-06-2023,7373,bipinkaka nandarkha,3500
680,25-06-2023,1660,int,103
681,28-06-2023,7373,9409434932_,-10
682,28-06-2023,7373,cantin,-20
683,30-06-2023,7373,Dmart,-190
684,03-07-2023,8663,-,10000
685,03-07-2023,8663,SMS charge,-0.24
686,03-07-2023,8663,-,-20000
687,06-07-2023,8663,-,9500
688,06-07-2023,7373,from RAMAN,1241
689,08-07-2023,7373,rajan,-901
690,09-07-2023,7373,amazon,901
691,09-07-2023,7373,9409434932_,-10
692,10-07-2023,8663,hiral Patel ,3000
693,10-07-2023,8663,Riteshmama vav,2000
694,10-07-2023,8663,int6,-3949
695,12-07-2023,8663,-,30000
696,13-07-2023,8663,jittam,20
697,13-07-2023,8663,repair dorr handle and regulator of fan at nadiad pg3,-220
698,14-07-2023,8663,bipin kaka nandarkha ,6500
699,14-07-2023,8663,amazon deal refund ,491
700,14-07-2023,8663,room owner of pg3 paid,220
701,14-07-2023,7373,to RAMAN,-641
702,14-07-2023,7373,sravan bhai,-1500
703,16-07-2023,7373,8469642157_,-58
704,17-07-2023,7373,9409434932_,-98
705,17-07-2023,7373,kirti di tickets,-416.8
706,19-07-2023,8663,SMS charge,-0.24
707,20-07-2023,7373,from RAMAN,900
708,20-07-2023,7373,from amazon,325
709,22-07-2023,7373,,-517
710,22-07-2023,7373,LIC,-1073
711,23-07-2023,1660,‚ö†Ô∏ècashback,7
712,23-07-2023,7373,sunnyTATA PLAY,-100
713,23-07-2023,7373,mummy,-200
714,24-07-2023,7373,9409434932_,-10
715,25-07-2023,7373,petrol 0303-Kirtan bike,-202
716,25-07-2023,7373,send to jittam for cake,-400
717,26-07-2023,1660,bipinkaka nandarkha,8500
718,26-07-2023,7373,cantine,-40
719,27-07-2023,8663,sem7,68943
720,27-07-2023,8663,sem7,-79500
721,28-07-2023,8663,kirtan fees clg,-30000
722,29-07-2023,7373,cantine,-40
723,29-07-2023,7373,cantine,-60
724,31-07-2023,7373,amazon deal refund,149
725,31-07-2023,7373,cashback,5
726,31-07-2023,7373,kartik bhai,-20
727,31-07-2023,7373,Amazon refund send to jittam,-224
728,31-07-2023,7373,8469642157_,-479
729,03-08-2023,8663,int,159
730,03-08-2023,7373,‚ö†Ô∏ècashback,6
731,03-08-2023,7373,mummy recharge,-719
732,05-08-2023,7373,-,43
733,05-08-2023,7373,cantine,-30
734,05-08-2023,7373,Amazon Empty deal,-449
735,06-08-2023,7373,train ticket ,-356.8
736,06-08-2023,7373,dmart,-610.5
737,07-08-2023,7373,mummy ,2000
738,07-08-2023,7373,cantine ,-20
739,07-08-2023,7373,ELECTRICITY bill ,-613
740,07-08-2023,7373,ELECTRICITY bill ,-1251
741,08-08-2023,7373,hiral Patel ,10000
742,08-08-2023,7373,7227018455_,-209
743,08-08-2023,7373,kirti di gift ,-334
744,09-08-2023,7373,ritesh mama vav,2000
745,10-08-2023,7373,amazon deal refund,149
746,10-08-2023,7373,,149
747,10-08-2023,8663,SMS charge,-0.24
748,10-08-2023,8663,int7,-4378
749,11-08-2023,7373,bipinkaka nandarkha,6500
750,11-08-2023,7373,,398
751,11-08-2023,7373,mummy cover samsung a12,-150
752,11-08-2023,7373,üöÜ ticket ,-156.8
753,11-08-2023,7373,mummy saree,-364
754,12-08-2023,7373,kirtan,4400
755,12-08-2023,7373,kirti di gift,-500
756,13-08-2023,1660,rasmitabhabhi sent for send to samarth mandal,14600
757,13-08-2023,7373,samarth mandal,-14600
758,14-08-2023,7373,kirti di gift üéÅ returned ,334
759,14-08-2023,7373,amazon ,-219
760,15-08-2023,7373,‚ö†Ô∏ècashback,21
761,15-08-2023,7373,‚ö†Ô∏ècashback,3
762,15-08-2023,7373,9409434932_,-107
763,15-08-2023,7373,gas cylinder,-1110
764,16-08-2023,7373,mummy saree return refund,364
765,16-08-2023,7373,amazon deal refund,174
766,16-08-2023,7373,grocery ,-20
767,16-08-2023,7373,petrol,-103
768,17-08-2023,7373,hariom police recharge ,-155
769,22-08-2023,7373,kirti di ticket ,-131.8
770,23-08-2023,7373,SELF TRANSFER ,23000
771,23-08-2023,8663,SMS charge,-0.47
772,23-08-2023,7373,electric appliances ,-5000
773,23-08-2023,1660,SELF TRANSFER ,-23000
774,24-08-2023,7373, to mummy via rasmitabhabhi ,-5000
775,25-08-2023,7373,bipinkaka nandarkha ,8500
776,25-08-2023,7373,rajan sent for food ,450
777,25-08-2023,7373,food,-220
778,30-08-2023,7373,amazon deal refund ,648
779,30-08-2023,7373,amazon deal  give to jittam ,-153
780,31-08-2023,7373,kirti di ticket cancel ,60
781,31-08-2023,7373,mummy ,-10000
782,02-09-2023,7373,IELTS ,-16250
783,03-09-2023,7373,food,-50
784,08-09-2023,7373,amazon refund deal,1387
785,08-09-2023,1660,kirtan,-400
786,08-09-2023,8663,int7,-4739
787,09-09-2023,7373,ritesh mama vav ,2000
788,11-09-2023,7373,bipinkaka nandarkha ,6500
789,11-09-2023,8663,,3
790,11-09-2023,7373,amazon,-199
791,11-09-2023,7373,IELTS reshedule ,-4100
792,13-09-2023,7373,amazon refund deal,145
793,13-09-2023,7373,kirtan,-500
794,13-09-2023,7373,to kirti di ,-713
795,14-09-2023,8663,SMS charge,-0.71
796,15-09-2023,7373,amazon deal refund ,319
797,15-09-2023,1660,DCARD ,-147.5
798,16-09-2023,7373,amazon refund deal,669
799,21-09-2023,7373,9979353925 kirtan recharge ,-98
800,21-09-2023,8663,ATM card,-236
801,23-09-2023,7373,sunny tata play ,-200
802,24-09-2023,7373,laptop repair kit ,-213
803,25-09-2023,7373,amazon deal refund ,350
804,25-09-2023,7373,cancel laptop repair kit ,213
805,25-09-2023,1660,int,34
806,25-09-2023,7373,8469642157 recharge ,-459
807,26-09-2023,1660,sanjumama tighra,10001
808,26-09-2023,7373,SIRISH KANTILAL PATEL,-5000
809,26-09-2023,1660,SIRISH KANTILAL PATEL,-10000
810,28-09-2023,8663,SMS charge,-0.24
811,29-09-2023,8663,mummy ,5500
812,30-09-2023,7373,Paytm cashback ,15
813,01-10-2023,7373,amazon deal refund ,380
814,06-10-2023,7373,amazon deal refund ,1558
815,06-10-2023,7373,refund to jittam ,-784
816,10-10-2023,7373,8469642157 recharge ,-58
817,10-10-2023,8663,int7 ,-4586
818,11-10-2023,7373,ritesh mama vav ,2000
819,14-10-2023,8663,DCARD ,-354
820,15-10-2023,7373,amazon deal refund ,299
821,15-10-2023,7373,Amazon ,3
822,15-10-2023,7373,Amazon ,-297
823,16-10-2023,7373,to ritesh mama vav ,-1000
824,17-10-2023,7373,electricity bill ,-708.53
825,17-10-2023,7373,electrycity bill,-1200.98
826,18-10-2023,7373,SELF TRANSFER  ,1000
827,18-10-2023,7373,kirtan,-20
828,18-10-2023,7373,SELF TRANSFER  ,-1000
829,18-10-2023,8663,pocket,-1000
830,18-10-2023,7373,rasmitabhabhi ,-3000
831,20-10-2023,8663,7227018455 recharge ,-239
832,21-10-2023,8663,from 4027 BOB via bob world ,20000
833,22-10-2023,7373,kirtan tickets ,-126.8
834,23-10-2023,7373,AMAZON DEAL REFUND ,142
835,24-10-2023,7373,8469642157 recharge ,-58
836,24-10-2023,7373,food,-60
837,24-10-2023,7373,9409434932 recharge ,-94
838,26-10-2023,7373,SELF TRANSFER  ,2000
839,26-10-2023,7373,SELF TRANSFER  ,-501
840,26-10-2023,8663,to 7373,-2000
841,27-10-2023,7373,AMAZON DEAL REFUND ,425
842,28-10-2023,7373,bipinkaka nandarkha ,11000
843,29-10-2023,7373,Rasmitabhabhi ,3000
844,30-10-2023,7373,food,-40
845,30-10-2023,7373,kirtan tickets ,-116.8
846,31-10-2023,7373,RAJAN,1000
847,31-10-2023,7373,SELF TRANSFER,-2000
848,03-11-2023,7373,bhavu Tighara ,5400
849,03-11-2023,8663,mummy withdraw cash,-10000
850,04-11-2023,7373,Dhruvi Patel ( dhansukhkaka),55
851,04-11-2023,7373,Dhruvi Patel ( dhansukhkaka),-1000
852,05-11-2023,7373,water,-300
853,06-11-2023,7373,SELF TRANSFER,-750
854,06-11-2023,7373,GAS CYLINDER ,-910
855,07-11-2023,7373,kirtan bike service ,-700
856,09-11-2023,7373,Rajan,308
857,10-11-2023,8663,ritesh mama vav ,3000
858,10-11-2023,8663,,49
859,10-11-2023,8663,int7,-4739
860,11-11-2023,7373,bipinkaka nandarkha ,6500
861,12-11-2023,7373,cashback ,3
862,12-11-2023,7373,recharge hariom police üöÇ,-155
863,12-11-2023,7373,plumber ,-2600
864,13-11-2023,7373,amazon deal refund ,919
865,16-11-2023,7373,SELF TRANSFER ,4000
866,16-11-2023,8663,to 7373,-4000
867,18-11-2023,8663,from 4027,18184
868,18-11-2023,7373,FIXED DEPOSIT ,17369
869,18-11-2023,7373,mummy 1166 gold loan ,-42000
870,19-11-2023,7373,sunnt tata play ,-200
871,20-11-2023,7373,amazon deal refund ,89
872,21-11-2023,7373,CASHBACK ,4
873,21-11-2023,8663,Jigo bhai talav Faliya ,-8000
874,22-11-2023,8663,mummy ,-7000
875,23-11-2023,7373,AMAZON deal refund ,400
876,23-11-2023,7373,SELF TRANSFER ,-700
877,26-11-2023,7373,amazon deal refund ,476
878,26-11-2023,7373,petrol,-202
879,27-11-2023,7373,Bipinkaka nandarkha ,11000
880,28-11-2023,7373,Mahesh bhai Tejash agro,-10000
881,30-11-2023,7373,petrol ,-103
882,30-11-2023,7373,Amazon üì¶,-239
883,30-11-2023,7373,SELF TRANSFER ,-550
884,01-12-2023,7373,gold ü™ô loan ,159000
885,01-12-2023,7373,bhavu Tighara ,1800
886,01-12-2023,7373,mummy ,-500
887,01-12-2023,7373,mummy ,-10000
888,01-12-2023,7373,mummy ,-10000
889,01-12-2023,7373,bhavu Tighara ,-99000
890,02-12-2023,7373,amazon deal refund ,207
891,02-12-2023,7373,kashyap sir Navsari ,-30000
892,04-12-2023,7373,amazon deal refund ,335
893,04-12-2023,7373,to jittam( bag refund),-335
894,05-12-2023,7373,amazon deal product ,-1210
895,06-12-2023,7373,sanjay mama tighara,50001
896,06-12-2023,7373,amazon deal refund ,151
897,06-12-2023,7373,cake üéÇ,-300
898,07-12-2023,7373,hiral (welding work),10000
899,07-12-2023,7373,gold ü™ô loan (mummy 1166),-60000
900,08-12-2023,7373,cashback,24
901,08-12-2023,7373,glass bottle ,-251
902,08-12-2023,7373,electricity bill ,-529.22
903,08-12-2023,8663,int7,-4586
904,09-12-2023,7373,Amazon refund deal ,149
905,10-12-2023,7373,electricity bill ,-1080.9
906,12-12-2023,7373,bipinkaka nandarkha ,6500
907,12-12-2023,7373,petrol,-250
908,13-12-2023,7373,cashback on Flipkart glass bottles,20
909,13-12-2023,8663,SMS CHARGE,-0.24
910,13-12-2023,7373,sunny tata play,-200
911,14-12-2023,7373,Ritesh mama vav ,1000
912,14-12-2023,7373,Kirtan ,-500
913,16-12-2023,7373,glass bottle amzon return refund,629
914,16-12-2023,7373,Mummy ,-200
915,16-12-2023,7373,mummy ,-200
916,17-12-2023,7373,Amazon deal refund ,40
917,18-12-2023,8663,8469642157 recharge ,-479
918,19-12-2023,7373,Amazon deal refund ,368
919,22-12-2023,8663,SMS CHARGE,-0.24
920,22-12-2023,7373,9409434932,-94
921,24-12-2023,7373,cashback ,3
922,24-12-2023,7373,Mummy ,-150
923,25-12-2023,7373,cashback ,14
924,25-12-2023,1660,int,3
925,25-12-2023,1660,FK deal,-161
926,25-12-2023,7373,pintu mobile ,-7000
927,26-12-2023,8663,sem8,69200
928,26-12-2023,8663,Mummy ,12000
929,26-12-2023,8663,bhavu Tighara ,6300
930,26-12-2023,8663,pintu mobile ,5000
931,26-12-2023,8663,sem8,-79800
932,27-12-2023,7373,SELF TRANSFER,8000
933,27-12-2023,8663,to 7373,-8000
934,27-12-2023,7373,IELTS,-16250
935,28-12-2023,7373,Amzon deal refund,757
936,28-12-2023,7373,niki pancard,-106.9
937,29-12-2023,7373,bipinkaka nandarkha ,11000
938,29-12-2023,7373,FK deal,-166
939,29-12-2023,8663,Pintu mobile ,-5000
940,01-01-2024,7373,CASHBACK Flipkart Green tea ,30
941,03-01-2024,7373,Other alkaben dungari ,1500
942,03-01-2024,7373,Other pushpakaki light bill,-813.99
943,03-01-2024,7373,MUMMY withdraw ,-4000
944,03-01-2024,7373,Top Deals ,-4995
945,04-01-2024,7373,Other pintu mobile,5000
946,04-01-2024,7373,Top Deals ,4995
947,04-01-2024,7373,MUMMY -,1000
948,04-01-2024,7373,Top Deals cable,-339
949,04-01-2024,7373,Other Gayatri sakhi mandal,-4500
950,04-01-2024,7373,Other Gayatri sakhi mandal,-5000
951,05-01-2024,7373,Top Deals ,-193
952,05-01-2024,7373,KIRTAN ,-1000
953,05-01-2024,7373,Other pintu mobile ,-4000
954,06-01-2024,7373,Top Deals ,600
955,06-01-2024,7373,Other sunny tata play ,-200
956,07-01-2024,7373,MUMMY via radhu fui,9000
957,07-01-2024,7373,Other Ritesh mama vav ,2000
958,07-01-2024,7373,SELF TRANSFER ,-5500
959,08-01-2024,8663,from 7373,5500
960,08-01-2024,7373,Other petrol ,-202
961,10-01-2024,7373,Other bipinkaka nandarkha,6500
962,10-01-2024,8663,int8 int8,-5055
963,12-01-2024,7373,MUMMY ,4000
964,12-01-2024,7373,Other petrol,-203
965,14-01-2024,7373,Top Deals ,1028
966,16-01-2024,7373,HIGHER STUDY TMU application form processing charge,-3300
967,16-01-2024,7373,HIGHER STUDY TMU application form fee,-8230
968,17-01-2024,7373,KIRTAN ,5000
969,18-01-2024,7373,KIRTAN ,15000
970,18-01-2024,7373,Other rasmita bhabhi,4290
971,18-01-2024,7373,CASHBACK ,11
972,18-01-2024,7373,FK ,-339
973,19-01-2024,1660,SELF TRANSFER ,8300
974,19-01-2024,1660,MUMMY ,-8000
975,19-01-2024,7373,SELF TRANSFER ,-8300
976,19-01-2024,7373,Top Deals ,-9990
977,19-01-2024,7373,Top Deals ,-9990
978,20-01-2024,7373,MUMMY ,200
979,20-01-2024,7373,KIRTAN passport,-1500
980,23-01-2024,1660,Top Deals ,9990
981,23-01-2024,7373,Top Deals ,9990
982,23-01-2024,7373,Top Deals ,234
983,23-01-2024,7373,Other LIC,-517
984,23-01-2024,7373,Other LIC,-1073
985,24-01-2024,7373,Top Deals ,199
986,24-01-2024,7373,KIRTAN ,-500
987,24-01-2024,7373,KIRTAN ,-500
988,25-01-2024,7373,Other mysy,50000
989,25-01-2024,7373,Top Deals ,329
990,25-01-2024,7373,ME 9409434932,-89
991,26-01-2024,7373,Top Deals ,327
992,26-01-2024,7373,Top Deals second payment,161
993,26-01-2024,7373,CASHBACK ,15
994,26-01-2024,7373,Top Deals returned second payment ,-161
995,26-01-2024,7373,MUMMY saree,-650
996,26-01-2024,7373,MUMMY saree,-800
997,27-01-2024,8663,SELF TRANSFER ,4200
998,27-01-2024,8663,Other sms charge,-0.24
999,27-01-2024,7373,MUMMY chaniya choli ,-2650
1000,27-01-2024,7373,Other rasmita bhabhi ,-3500
1001,27-01-2024,7373,SELF TRANSFER ,-4200
1002,27-01-2024,7373,KIRTAN hostel fees,-21000
1003,28-01-2024,7373,Top Deals ,2800
1004,29-01-2024,7373,Top Deals ,374
1005,29-01-2024,7373,Other hariom police recharge ,-145
1006,29-01-2024,7373,Top Deals ,-325
1007,30-01-2024,7373,FK mummy,-237
1008,30-01-2024,7373,FK mummy,-439
1009,31-01-2024,7373,Top Deals ,545
1010,01-02-2024,7373,SELF TRANSFER ,9563
1011,01-02-2024,7373,Top Deals ,-198
1012,01-02-2024,7373,Top Deals ,-410
1013,01-02-2024,1660,SELF TRANSFER ,-9563
1014,01-02-2024,7373,Other Bhumikaki,-35000
1015,02-02-2024,8663,Other unknown,36
1016,03-02-2024,7373,SELF TRANSFER ,4500
1017,03-02-2024,7373,FK ,439
1018,03-02-2024,7373,Top Deals cancel order,311
1019,03-02-2024,7373,Top Deals ,269
1020,03-02-2024,7373,CASHBACK gpay,14
1021,03-02-2024,7373,Top Deals ,-258
1022,03-02-2024,7373,Top Deals ,-311
1023,03-02-2024,8663,SELF TRANSFER ,-4500
1024,03-02-2024,7373,Other someone's loan EMI ,-6500
1025,04-02-2024,7373,Top Deals twise payment returned for a deal,-199
1026,05-02-2024,7373,MUMMY ,10000
1027,05-02-2024,8663,MUMMY ,5000
1028,05-02-2024,7373,Other unknown,98
1029,05-02-2024,1660,Bills 5417007323,-328.96
1030,05-02-2024,7373,Amazon mosquito net,-499
1031,06-02-2024,7373,FK refund of returned product,237
1032,08-02-2024,7373,Biils gas,-885
1033,09-02-2024,7373,Other Ritesh mama vav ,2000
1034,09-02-2024,7373,Top Deals ,-473
1035,09-02-2024,8663,int8 ,-5386
1036,10-02-2024,8663,Other sms charge,-0.71
1037,11-02-2024,8663,MUMMY ,26500
1038,11-02-2024,7373,Top Deals ,350
1039,11-02-2024,7373,Top Deals ,235
1040,12-02-2024,7373,Other 8469642157,-458
1041,13-02-2024,7373,SELF TRANSFER ,27000
1042,13-02-2024,7373,Other bipinkaka nandarkha,6500
1043,13-02-2024,8663,SELF TRANSFER ,-27000
1044,14-02-2024,7373,MUMMY ,8000
1045,14-02-2024,7373,Other bhavu mama ,6300
1046,14-02-2024,7373,Top Deals cancelled order ,410
1047,14-02-2024,7373,MUMMY  via pintu mobile ,-4000
1048,14-02-2024,7373,Other gold loan,-51852
1049,16-02-2024,7373,Other policy bazar ,-2471
1050,17-02-2024,7373,Top Deals ,849
1051,17-02-2024,7373,Other Mahesh kaka talav faliya,500
1052,17-02-2024,7373,Other hariom police ,-146
1053,17-02-2024,7373,Bills ,-895.56
1054,19-02-2024,7373,KIRTAN ,20000
1055,20-02-2024,7373,Other DG sea connect,-2250
1056,22-02-2024,7373,Top Deals ,229
1057,22-02-2024,7373,Other US admission process ,-11800
1058,27-02-2024,7373,Other pintu mobile ,5000
1059,27-02-2024,7373,Other home via yatin chachu,5000
1060,27-02-2024,7373,MUMMY ,2500
1061,27-02-2024,7373,ME ,-88
1062,27-02-2024,7373,Other manju ba talav faliya ,-169
1063,28-02-2024,7373,Other bipinkaka nandarkha ,11000
1064,28-02-2024,7373,Other pintu mobile,-5000
1065,28-02-2024,7373,HIGHER STUDY NEU application fees,-9118
1066,29-02-2024,7373,KIRTAN ,-300
1067,01-03-2024,7373,Other bhumi kaki ,1050
1068,01-03-2024,7373,CASHBACK ,13
1069,01-03-2024,7373,Top Deals ,-200
1070,01-03-2024,7373,GPAY LITE Top Deal,-500
1071,02-03-2024,7373,HIGHER STUDY TMU application fee,8230
1072,02-03-2024,7373,Top Deals ,235
1073,03-03-2024,7373,Top Deals ,499
1074,04-03-2024,8663,SELF TRANSFER ,5500
1075,04-03-2024,7373,SELF TRANSFER ,-5500
1076,05-03-2024,7373,Other Bhavu mama,6000
1077,05-03-2024,7373,SELF TRANSFER ,3000
1078,05-03-2024,8663,Other sms charge,-0.24
1079,05-03-2024,8663,Other kirti di ,-416.8
1080,05-03-2024,8663,SELF TRANSFER ,-3000
1081,05-03-2024,7373,Other raman chacha via 9825845519,-29100
1082,06-03-2024,8663,Other smit,5000
1083,06-03-2024,7373,SELF TRANSFER ,1600
1084,06-03-2024,7373,Top Deals ,-199
1085,06-03-2024,7373,KIRTAN ,-300
1086,06-03-2024,7373,Bills ,-906
1087,06-03-2024,8663,SELF TRANSFER ,-1600
1088,07-03-2024,8663,MUMMY ,140000
1089,07-03-2024,8663,MUMMY ,80000
1090,07-03-2024,8663,int8 ,-5038
1091,08-03-2024,7373,Top Deals ,473
1092,08-03-2024,7373,KIRTAN ,-200
1093,09-03-2024,7373,Top Deals ,297
1094,09-03-2024,1660,Other hariom police ,-106.9
1095,09-03-2024,7373,Other hariom police ,-150
1096,11-03-2024,7373,MUMMY ,14500
1097,11-03-2024,7373,Other Ritesh mama vav ,2000
1098,11-03-2024,7373,Other smit,-5000
1099,12-03-2024,7373,Other Rasmita bhabhi,9380
1100,12-03-2024,7373,Other GAYTRI SAKHI MANDAL LOAN ACCOUNT ,-4000
1101,12-03-2024,8663,MUMMY ,-100000
1102,13-03-2024,7373,Other Kashyap sir navsari ,32700
1103,13-03-2024,7373,Other maheshkaka talav faliya ,500
1104,14-03-2024,7373,Top Deals Raman,-498
1105,14-03-2024,7373,Top Deals ,-9990
1106,15-03-2024,7373,Top Deals watch,-392
1107,16-03-2024,7373,Top Deals ,9990
1108,16-03-2024,7373,Top Deals ,1400
1109,17-03-2024,7373,ME ,-88
1110,19-03-2024,7373,Other hariom police,-150
1111,20-03-2024,7373,KIRTAN ,-7500
1112,20-03-2024,7373,Other shyam ,-30000
1113,22-03-2024,7373,Top Deals ,-296
1114,22-03-2024,7373,Top Deals ,-335
1115,22-03-2024,7373,KIRTAN ,-500
1116,23-03-2024,7373,Other bipinkaka nandarkha ,17500
1117,24-03-2024,8663,Other cancel ticket kirti,225
1118,24-03-2024,8663,HIGHER STUDY NEU deposit,-8635.29
1119,25-03-2024,1660, ,10
1120,25-03-2024,7373,Other renew pancard,-106.9
1121,26-03-2024,7373,Other renew pancard,106.9
1122,26-03-2024,7373,Other renew pancard,-106.9
1123,28-03-2024,8663,MUMMY 10390 SBI,-50000
1124,29-03-2024,7373,Top Deals ,-621.9
1125,29-03-2024,8663,MUMMY ,-2000
1126,29-03-2024,7373,MUMMY via nimesh c Gandhi ,-13000
1127,30-03-2024,7373,HIGHER STUDY ,3300
1128,30-03-2024,7373,Other 9099467525 recharge ,-130
1129,31-03-2024,8663,MUMMY ,-5000
1130,01-04-2024,7373,Other Bhumi kaki,1050
1131,01-04-2024,8663,MUMMY 10390 SBI,-20000
1132,02-04-2024,7373,HOTEL REVIEW  ,210
1133,02-04-2024,7373,Amazon mosquito net,-819.47
1134,02-04-2024,7373,Top Deals ,-880
1135,02-04-2024,7373,Other dyan school fees,-1775
1136,02-04-2024,7373,Other yashvi school fess,-3550
1137,02-04-2024,8663,MUMMY ,-10000
1138,02-04-2024,8663,MUMMY ,-15000
1139,03-04-2024,7373,HOTEL REVIEW ,4300
1140,03-04-2024,7373,HOTEL REVIEW ,1500
1141,03-04-2024,7373,Other niruba recharge ,-450
1142,03-04-2024,7373,HOTEL REVIEW ,-1000
1143,03-04-2024,7373,HOTEL REVIEW ,-3000
1144,03-04-2024,7373,HOTEL REVIEW ,-7000
1145,04-04-2024,1660,MUMMY ,20000
1146,04-04-2024,1660,MUMMY ,19000
1147,04-04-2024,1660,SELF TRANSFER ,4000
1148,04-04-2024,7373,MUMMY ,-3000
1149,04-04-2024,8663,SELF TRANSFER ,-4000
1150,04-04-2024,1660,Other bhumi kaki,-40000
1151,05-04-2024,7373,ME ,4
1152,05-04-2024,7373,ME ,-4
1153,05-04-2024,1660,ME ,-10
1154,05-04-2024,1660,ME ,-98
1155,05-04-2024,1660,Other sunny,-200
1156,06-04-2024,7373,Other bhumi kaki,-3000
1157,08-04-2024,7373,Other rasmita bhabhi ,6000
1158,08-04-2024,8663,SELF TRANSFER ,5700
1159,08-04-2024,7373,Other 8469642157,-474
1160,08-04-2024,1660,KIRTAN ,-3000
1161,08-04-2024,7373,SELF TRANSFER ,-5700
1162,08-04-2024,8663,Other rasmita bhabhi,-6000
1163,09-04-2024,1660,Other Ritesh mama vav ,2000
1164,10-04-2024,1660,Top Deals ,-378
1165,10-04-2024,8663,int8 ,-5386
1166,12-04-2024,1660,GPAY LITE ,1273.72
1167,12-04-2024,1660,Top Deals ,499
1168,12-04-2024,1660,Bills ,-1273.72
1169,12-04-2024,1660,GPAY LITE ,-1283.72
1170,14-04-2024,7373,Other 6352975900 recharge ,-234
1171,14-04-2024,7373,Top Deals ,-449
1172,15-04-2024,7373,MUMMY ,10000
1173,15-04-2024,7373,Other tinu fui,-1350
1174,15-04-2024,7373,Other tinu fui,-1500
1175,16-04-2024,7373,Other Hariom police,-150
1176,16-04-2024,7373,Top Deals ,-535
1177,17-04-2024,7373,Top Deals ,-182
1178,18-04-2024,8663,MUMMY gold √∞≈∏¬™‚Ñ¢ loan sunny,206000
1179,18-04-2024,7373,Other tinu fui,-1000
1180,18-04-2024,7373,Other tinu fui,-1000
1181,18-04-2024,7373,Other tinu fui,-1000
1182,18-04-2024,7373,Other smit ,-2000
1183,18-04-2024,8663,MUMMY ,-40000
1184,18-04-2024,8663,MUMMY gold √∞≈∏¬™‚Ñ¢ loan ,-130000
1185,19-04-2024,8663,Other ,60000
1186,19-04-2024,7373,SELF TRANSFER ,22000
1187,19-04-2024,1660,CASHBACK ,26
1188,19-04-2024,7373,Top Deals ,-499
1189,19-04-2024,8663,SELF TRANSFER ,-22000
1190,19-04-2024,7373,MUMMY ,-22000
1191,22-04-2024,7373,SELF TRANSFER ,65000
1192,22-04-2024,7373,MUMMY ,10000
1193,22-04-2024,7373,MUMMY ,10000
1194,22-04-2024,7373,MUMMY ,5000
1195,22-04-2024,8663,SELF TRANSFER ,-65000
1196,22-04-2024,7373,MUMMY gold √∞≈∏¬™‚Ñ¢ loan ,-71484
1197,23-04-2024,8663,SELF TRANSFER ,10000
1198,23-04-2024,7373,SELF TRANSFER ,-10000
1199,23-04-2024,8663,HIGHER STUDY ,-15540
1200,24-04-2024,7373,ME ,-402.78
1201,25-04-2024,7373,KIRTAN ,-395
1202,25-04-2024,7373,Other ITR 23-24,-800
1203,26-04-2024,1660,Top Deals ,392
1204,26-04-2024,7373,Top Deals ,60
1205,27-04-2024,1660,Top Deals ,60
1206,27-04-2024,1660,Top Deals ,-699
1207,30-04-2024,8663,ME sa12,-4000
1208,30-04-2024,7373,ME sa12,-8500
1209,01-05-2024,1660,MUMMY bhumikaki,2550
1210,01-05-2024,7373,Top Deals int,631
1211,01-05-2024,8663,Other int,285
1212,01-05-2024,7373,Top Deals ,79
1213,01-05-2024,1660,Top Deals ,-429
1214,02-05-2024,8663,MUMMY ,5500
1215,02-05-2024,1660,Top Deals ,204
1216,02-05-2024,1660,Top Deals ,-440
1217,03-05-2024,7373,Other ,92
1218,03-05-2024,7373,Top Deals ,-109
1219,04-05-2024,1660,MUMMY via smit patel,360
1220,06-05-2024,1660,MUMMY mahesh kaka,5000
1221,06-05-2024,7373,MUMMY ritesh mama vav,2000
1222,06-05-2024,1660,Top Deals ,50
1223,06-05-2024,7373,Top Deals ,50
1224,06-05-2024,1660,Other manju ba ,-174
1225,07-05-2024,7373,Other Jittam's Duopods refund,800
1226,07-05-2024,7373,Other Jittam's Duopods refund,-800
1227,08-05-2024,7373,Other pintu,21000
1228,08-05-2024,7373,MUMMY ,8800
1229,08-05-2024,7373,SELF TRANSFER ,7500
1230,08-05-2024,1660,SELF TRANSFER ,-7500
1231,08-05-2024,7373,HIGHER STUDY Edu Loan,-40000
1232,10-05-2024,8663,int8 ,-5212.47
1233,11-05-2024,7373,Other sunny recharge ,-414
1234,13-05-2024,7373,Other Raman,30000
1235,13-05-2024,7373,MUMMY atin chachu,10000
1236,13-05-2024,7373,Top Deals ,705
1237,13-05-2024,7373,Top Deals ,465
1238,13-05-2024,7373,HIGHER STUDY ,-40000
1239,14-05-2024,7373,MUMMY gold loan ,120000
1240,14-05-2024,7373,MUMMY rasmita bhabhi ,3990
1241,14-05-2024,7373,MUMMY ,-5000
1242,14-05-2024,7373,Other Pintu mobile ,-21000
1243,14-05-2024,7373,Other Raman,-30000
1244,15-05-2024,7373,Top Deals ,749
1245,15-05-2024,7373,Top Deals ,498
1246,15-05-2024,7373,CASHBACK ,11
1247,15-05-2024,7373,Top Deals ,-407
1248,16-05-2024,7373,MUMMY Mahesh kaka ,500
1249,16-05-2024,7373,KIRTAN ,-1000
1250,18-05-2024,7373,Other sunny tata play ,-200
1251,18-05-2024,7373,Other gundiya recharge ,-232
1252,18-05-2024,7373,Transport ,-446.8
1253,18-05-2024,7373,Top Deals ,-649
1254,18-05-2024,7373,FK ,-661
1255,19-05-2024,7373,Other fastage,-500
1256,20-05-2024,7373,Top Deals ,940
1257,20-05-2024,7373,Top Deals ,500
1258,20-05-2024,7373,Top Deals ,148
1259,20-05-2024,8663,Other sms charge,-0.94
1260,20-05-2024,7373,Food ,-120
1261,20-05-2024,7373,HIGHER STUDY transcript ,-1000
1262,21-05-2024,8663,SELF TRANSFER ,66500
1263,21-05-2024,7373,MUMMY via shyam,1500
1264,21-05-2024,7373,Other 8780823459  recharge,-239
1265,21-05-2024,7373,FK mummy dress,-507
1266,21-05-2024,7373,SELF TRANSFER ,-66500
1267,22-05-2024,7373,MUMMY via pintu mobile,13000
1268,22-05-2024,7373,ME ,-5
1269,22-05-2024,7373,MUMMY ,-395
1270,23-05-2024,7373,MUMMY via sanjumama,20000
1271,23-05-2024,8663,SELF TRANSFER ,13000
1272,23-05-2024,8663,SELF TRANSFER ,500
1273,23-05-2024,7373,FK ,221
1274,23-05-2024,7373,MUMMY ,-200
1275,23-05-2024,7373,MUMMY 0390 SBI,-500
1276,23-05-2024,7373,SELF TRANSFER ,-500
1277,23-05-2024,8663,MUMMY ITR,-1600
1278,23-05-2024,7373,SELF TRANSFER ,-13000
1279,23-05-2024,7373,MUMMY ,-20000
1280,23-05-2024,8663,HIGHER STUDY ,-48675
1281,24-05-2024,7373,Top Deals ,758
1282,24-05-2024,7373,Food ,-110
1283,25-05-2024,7373,Top Deals ,479
1284,25-05-2024,8663,HIGHER STUDY ,-30177.18
1285,27-05-2024,7373,CASHBACK ,26
1286,27-05-2024,7373,Top Deals ,-200
1287,28-05-2024,7373,KIRTAN ,35000
1288,28-05-2024,7373,MUMMY ,-35000
1289,30-05-2024,7373,Transport ,435
1290,30-05-2024,8663,Other ,-1.18
1291,31-05-2024,7373,Top Deals ,270
1292,31-05-2024,7373,Bills gas cylinder √¢‚Ä∫¬Ω,-810
1293,31-05-2024,7373,Other hariom police ,-1000
1294,01-06-2024,7373,MUMMY bhumi kaki ,2550
1295,01-06-2024,1660,Transport petrol,-150
1296,02-06-2024,7373,Top Deals ,1188
1297,02-06-2024,7373,Other chinta bhai gundiya ,-729
1298,03-06-2024,7373,Top Deals ,466
1299,03-06-2024,7373,Bills electricity bill,-299.21
1300,03-06-2024,7373,Bills 8469642157,-459
1301,03-06-2024,7373,Bills home ,-840
1302,03-06-2024,7373,Bills electricity bill,-981.5
1303,04-06-2024,7373,Top Deals ,-254
1304,05-06-2024,7373,SELF TRANSFER ,-149
1305,06-06-2024,8663,MUMMY ,5500
1306,09-06-2024,7373,Other Ritesh mama vav,2000
1307,10-06-2024,8663,int8 ,-5386
1308,13-06-2024,7373,Top Deals ,1321
1309,14-06-2024,8663,MUMMY ,23500
1310,15-06-2024,7373,MUMMY smit,-1000
1311,16-06-2024,8663,MUMMY pragneshbhai ram ram ,-5000
1312,19-06-2024,7373,MUMMY via yatin chachu,10000
1313,19-06-2024,7373,MUMMY ,-2600
1314,19-06-2024,7373,MUMMY ,-7000
1315,19-06-2024,8663,MUMMY ,-18400
1316,20-06-2024,8663,MUMMY valsad sramjivi school,50000
1317,20-06-2024,7373,Top Deals ,559
1318,21-06-2024,8663,MUMMY fixed deposit,72000
1319,29-06-2024,8663,MUMMY ,10000
1320,29-06-2024,7373,MUMMY ,-3500
1321,29-06-2024,8663,MUMMY ,-50000
1322,01-07-2024,1660,SELF TRANSFER ,81000
1323,01-07-2024,1660,MUMMY ,64000
1324,01-07-2024,1660,MUMMY ,2550
1325,01-07-2024,1660,SELF TRANSFER ,1000
1326,01-07-2024,1660,Other ,7
1327,01-07-2024,8663,SELF TRANSFER ,-1000
1328,01-07-2024,1660,MUMMY ,-5000
1329,01-07-2024,8663,SELF TRANSFER ,-81000
1330,02-07-2024,7373,SELF TRANSFER ,1500
1331,02-07-2024,7373,KIRTAN ,-729
1332,02-07-2024,1660,SELF TRANSFER ,-1500
1333,02-07-2024,1660,HIGHER STUDY ,-140462.06
1334,03-07-2024,1660,Other pratham rathod,165000
1335,03-07-2024,7373,Other sunny,-459
1336,03-07-2024,1660,Other pratham rathod,-165000
1337,04-07-2024,7373,SELF TRANSFER ,800
1338,04-07-2024,1660,SELF TRANSFER ,-800
1339,04-07-2024,7373,Bills gas cylinder,-810
1340,05-07-2024,8663,MUMMY ,30000
1341,05-07-2024,8663,MUMMY ,-2000
1342,06-07-2024,7373,Top Deals ,238
