No.,Date,Time
1,21-07-2024,01:00
2,22-07-2024,02:00
3,23-07-2024,01:00
4,24-07-2024,01:15
5,25-07-2024,00:50
6,26-07-2024,01:00
7,27-07-2024,01:20
8,28-07-2024,02:00
9,29-07-2024,01:45
10,30-07-2024,01:15
11,31-07-2024,01:40
12,01-08-2024,01:20
13,21-07-2024,01:00
14,22-07-2024,01:00
15,23-07-2024,01:45
16,24-07-2024,03:00
17,25-07-2024,01:30
18,26-07-2024,01:00
19,27-07-2024,01:00
20,29-07-2024,00:30
21,30-07-2024,01:10
22,31-07-2024,00:30
23,01-08-2024,01:30
24,22-07-2024,01:30
25,23-07-2024,02:10
26,24-07-2024,01:30
27,30-07-2024,00:35
28,31-07-2024,00:20
29,22-07-2024,00:50
30,23-07-2024,01:40
31,24-07-2024,01:15
32,22-07-2024,01:00
33,23-07-2024,00:45
